BMI,Category
30.56950558345561,Obese
0.0026047389372885255,Underweight
26.07897153351699,Overweight
23.875114784205696,Normal
22.49134948096886,Normal
24.56747404844291,Normal
24.56747404844291,Normal
24.221453287197235,Normal
26.07897153351699,Overweight
24.221453287197235,Normal
27.68166089965398,Overweight
24.56747404844291,Normal
27.68166089965398,Overweight
